Molecule List Name,Precursor Name,ProductName,Precursor m/z,Product m/z,Explicit Retention Time,Explicit Retention Time Window,Explicit Declustering Potential,Explicit Collision Energy,Precursor Charge,Product  Charge,PrecursorAdduct
CE,CE 14:0,-FA 14:0(+HO)-Cholesterol(35),614.5871,369.3516,11.6,1,380,10,1,1,[M+NH4]1+
CE,CE 15:0,-FA 15:0(+HO)-Cholesterol(35),628.6027,369.3516,11.7,1,380,10,1,1,[M+NH4]1+
CE,CE 16:0,-FA 16:0(+HO)-Cholesterol(35),642.6184,369.3516,11.9,1,380,10,1,1,[M+NH4]1+
CE,CE 16:1,-FA 16:1(+HO)-Cholesterol(35),640.6027,369.3516,11.44,1,380,10,1,1,[M+NH4]1+
CE,CE 16:2,-FA 16:2(+HO)-Cholesterol(35),638.5871,369.3516,11.25,1,380,10,1,1,[M+NH4]1+
CE,CE 17:0,-FA 17:0(+HO)-Cholesterol(35),656.634,369.3516,12,1,380,10,1,1,[M+NH4]1+
CE,CE 17:1,-FA 17:1(+OH)-Cholesterol(35),654.6184,369.3516,11.6,1,380,10,1,1,[M+NH4]1+
CE,CE 18:0,-FA 18:0(+HO)-Cholesterol(35),670.6497,369.3516,12.1,1,380,10,1,1,[M+NH4]1+
CE,CE 18:1,-FA 18:1(+HO)-Cholesterol(35),668.634,369.3516,11.88,1,380,10,1,1,[M+NH4]1+
ChE,CE 18:1-d7 (ISTD),-FA 18:1(+HO)-Cholesterol(35),675.6779,369.3516,11.88,1,380,10,1,1,[M+NH4]1+
CE,CE 18:2,-FA 18:2(+HO)-Cholesterol(35),666.6184,369.3516,11.65,1,380,10,1,1,[M+NH4]1+
CE,CE 18:3,-FA 18:3(+HO)-Cholesterol(35),664.6027,369.3516,11.43,1,380,10,1,1,[M+NH4]1+
CE,CE 20:1,-FA 20:1(+HO)-Cholesterol(35),696.6653,369.3516,12.1,1,380,10,1,1,[M+NH4]1+
CE,CE 20:2,-FA 20:2(+HO)-Cholesterol(35),694.6497,369.3516,11.9,1,380,10,1,1,[M+NH4]1+
CE,CE 20:3,-FA 20:3(+HO)-Cholesterol(35),692.634,369.3516,11.68,1,380,10,1,1,[M+NH4]1+
CE,CE 20:4,-FA 20:4(+HO)-Cholesterol(35),690.6184,369.3516,11.53,1,380,10,1,1,[M+NH4]1+
CE,CE 20:5,-FA 20:5(+HO)-Cholesterol(35),688.6027,369.3516,11.3,1,380,10,1,1,[M+NH4]1+
CE,CE 22:0,-FA 22:0(+HO)-Cholesterol(35),726.7123,369.3516,12.5,1,380,10,1,1,[M+NH4]1+
CE,CE 22:1,-FA 22:1(+HO)-Cholesterol(35),724.6966,369.3516,12.3,1,380,10,1,1,[M+NH4]1+
CE,CE 22:4,-FA 22:4(+HO)-Cholesterol(35),718.6497,369.3516,11.72,1,380,10,1,1,[M+NH4]1+
CE,CE 22:5,-FA 22:5(+HO)-Cholesterol(35),716.634,369.3516,11.59,1,380,10,1,1,[M+NH4]1+
CE,CE 22:6,-FA 22:6(+HO)-Cholesterol(35),714.6184,369.3516,11.4,1,380,10,1,1,[M+NH4]1+
CE,CE 24:0,-FA 24:0(+HO)-Cholesterol(35),754.7436,369.3516,12.7,1,380,10,1,1,[M+NH4]1+
CE,CE 24:1,-FA 24:1(+HO)-Cholesterol(35),752.7279,369.3516,12.5,1,380,10,1,1,[M+NH4]1+
CE,CE 24:4,-FA 24:4(+HO)-Cholesterol(35),746.681,369.3516,11.97,1,380,10,1,1,[M+NH4]1+
CE,CE 24:5,-FA 24:5(+HO)-Cholesterol(35),744.6653,369.3516,11.77,1,380,10,1,1,[M+NH4]1+
CE,CE 24:6,-FA 24:6(+HO)-Cholesterol(35),742.6497,369.3516,11.59,1,380,10,1,1,[M+NH4]1+
dhCer,Cer d18:0/16:0,LCB 18:0;2(-HO),540.535,284.2948,8.3,1.6,380,27,1,1,[M+H]1+
dhCer,Cer d18:0/18:0,LCB 18:0;2(-HO),568.5663,284.2948,9.7,1.2,380,27,1,1,[M+H]1+
dhCer,Cer d18:0/20:0,LCB 18:0;2(-HO),596.5976,284.2948,10.2,1,380,27,1,1,[M+H]1+
dhCer,Cer d18:0/22:0,LCB 18:0;2(-HO),624.6289,284.2948,10.36,1,380,27,1,1,[M+H]1+
dhCer,Cer d18:0/24:0,LCB 18:0;2(-HO),652.6602,284.2948,10.58,1,380,27,1,1,[M+H]1+
dhCer,Cer d18:0/24:1,LCB 18:0;2(-HO),650.6446,284.2948,10.37,1,380,27,1,1,[M+H]1+
Cer,Cer d18:0/8:0,LCB 18:0;2(-HO),428.4098,284.2948,6,2,380,27,1,1,[M+H]1+
Cer,Cer d18:0/8:0,LCB 18:0;2(-H3O2),428.4098,266.2842,6,2,380,27,1,1,[M+H]1+
Cer,Cer d18:0/8:0,LCB 18:0;2(-CH3O2),428.4098,254.2842,6,2,380,27,1,1,[M+H]1+
Cer 18:1,Cer d18:1/16:0,LCB 18:1;2(-H3O2),538.5194,264.2686,8.05,1,380,25,1,1,[M+H]1+
Cer 18:1,Cer d18:1/16:0,"-(H2O,18)",538.5194,520.5088,8.05,1,380,25,1,1,[M+H]1+
Cer 18:1,Cer d18:1/16:0,LCB 18:1;2(-HO),538.5194,282.2791,8.05,1,380,25,1,1,[M+H]1+
Cer 18:1,Cer d18:1/16:0,LCB 18:1;2(-CH3O2),538.5194,252.2686,8.05,1,380,25,1,1,[M+H]1+
Cer 18:1,Cer d18:1/16:0,LCB 18:1;2(-H3O2),520.5088,264.2686,8.05,1,380,25,1,1,[M+H]1+
Cer,Cer d18:1/16:0-d31 (ISTD),"-(H2O,18)",569.714,551.7034,8.05,1,380,25,1,1,[M+H]1+
Cer,Cer d18:1/16:0-d31 (ISTD),LCB 18:1;2(-HO),569.714,282.2791,8.05,1,380,25,1,1,[M+H]1+
Cer,Cer d18:1/16:0-d31 (ISTD),LCB 18:1;2(-H3O2),569.714,264.2686,8.05,1,380,25,1,1,[M+H]1+
Cer,Cer d18:1/16:0-d31 (ISTD),LCB 18:1;2(-CH3O2),569.714,252.2686,8.05,1,380,25,1,1,[M+H]1+
Cer 18:1,Cer d18:1/18:0,LCB 18:1;2(-H3O2),566.5507,264.2686,9.35,1,380,25,1,1,[M+H]1+
Cer 18:1,Cer d18:1/20:0,LCB 18:1;2(-H3O2),594.582,264.2686,10.13,1,380,25,1,1,[M+H]1+
Cer 18:1,Cer d18:1/22:0,LCB 18:1;2(-H3O2),622.6133,264.2686,10.3,1,380,25,1,1,[M+H]1+
Cer 18:1,Cer d18:1/24:0,LCB 18:1;2(-H3O2),650.6446,264.2686,10.49,1,380,25,1,1,[M+H]1+
Cer 18:1,Cer d18:1/24:0,"-(H2O,18)",650.6446,632.634,10.49,1,380,25,1,1,[M+H]1+
Cer 18:1,Cer d18:1/24:0,LCB 18:1;2(-HO),650.6446,282.2791,10.49,1,380,25,1,1,[M+H]1+
Cer 18:1,Cer d18:1/24:0,LCB 18:1;2(-CH3O2),650.6446,252.2686,10.49,1,380,25,1,1,[M+H]1+
Cer 18:1,Cer d18:1/24:0,LCB 18:1;2(-H3O2),632.634,264.2686,10.49,1,380,25,1,1,[M+H]1+
Cer 18:1,Cer d18:1/24:1,LCB 18:1;2(-H3O2),648.6289,264.2686,10.32,1,380,25,1,1,[M+H]1+
COH,COH [161],-Cholesterol(35),404.3887,369.3516,6.63,1,380,19,1,1,[M+NH4]1+
Ch,COH-d7 [161],-Cholesterol(35),411.4326,376.3955,6.63,1,380,19,1,1,[M+NH4]1+
DG,DG 14:0_16:0 [NL-14:0],-FA 14:0(-H)-(H2O+NH3),558.5092,313.2737,9.05,1.4,380,25,1,1,[M+NH4]1+
DG,DG 14:0_16:0 [NL-16:0],-FA 16:0(-H)-(H2O+NH3),558.5092,285.2424,9.05,1.4,380,25,1,1,[M+NH4]1+
DG,DG 14:0_16:1 [NL-14:0],-FA 14:0(-H)-(H2O+NH3),556.4936,311.2581,8.8,1.4,380,25,1,1,[M+NH4]1+
DG,DG 14:0_16:1 [NL-16:1],-FA 16:1(-H)-(H2O+NH3),556.4936,285.2424,8.8,1.4,380,25,1,1,[M+NH4]1+
DG,DG 14:0_18:0 [NL-14:0],-FA 14:0(-H)-(H2O+NH3),586.5405,341.305,10.09,1.4,380,25,1,1,[M+NH4]1+
DG,DG 14:0_18:0 [NL-18:0],-FA 18:0(-H)-(H2O+NH3),586.5405,285.2424,10.09,1.4,380,25,1,1,[M+NH4]1+
DG,DG 14:0_18:1 [NL-14:0],-FA 14:0(-H)-(H2O+NH3),584.5249,339.2894,9.03,1.4,380,25,1,1,[M+NH4]1+
DG,DG 14:0_18:1 [NL-18:1],-FA 18:1(-H)-(H2O+NH3),584.5249,285.2424,9.03,1.4,380,25,1,1,[M+NH4]1+
DG,DG 14:0_18:2 [NL-14:0],-FA 14:0(-H)-(H2O+NH3),582.5092,337.2737,8.16,1.4,380,25,1,1,[M+NH4]1+
DG,DG 14:0_18:2 [NL-18:2],-FA 18:2(-H)-(H2O+NH3),582.5092,285.2424,8.16,1.4,380,25,1,1,[M+NH4]1+
DG,DG 14:1_20:0 [NL-20:0],-FA 20:0(-H)-(H2O+NH3),612.5562,283.2268,10,1.4,380,25,1,1,[M+NH4]1+
DG,DG 15:0_18:1-d7 [NL-15:0],-FA 15:0(-H)-(H2O+NH3),605.5844,346.3333,9.5,2,380,25,1,1,[M+NH4]1+
DG,DG 15:0_18:1-d7 [NL-18:1],-FA 18:1(-H)-(H2O+NH3),605.5844,299.2581,9.5,2,380,25,1,1,[M+NH4]1+
DG,DG 16:0_16:0 [NL-16:0],-FA 16:0(-H)-(H2O+NH3),586.5405,313.2737,10.09,1.4,380,25,1,1,[M+NH4]1+
DG,DG 16:0_16:1 [NL-16:0],-FA 16:0(-H)-(H2O+NH3),584.5249,311.2581,9.03,1.4,380,25,1,1,[M+NH4]1+
DG,DG 16:0_16:1 [NL-16:1],-FA 16:1(-H)-(H2O+NH3),584.5249,313.2737,9.03,1.4,380,25,1,1,[M+NH4]1+
DG,DG 16:0_18:0 [NL-16:0],-FA 16:0(-H)-(H2O+NH3),614.5718,341.305,10.5,1.4,380,25,1,1,[M+NH4]1+
DG,DG 16:0_18:0 [NL-18:0],-FA 18:0(-H)-(H2O+NH3),614.5718,313.2737,10.5,1.4,380,25,1,1,[M+NH4]1+
DG,DG 16:0_18:1 [NL-16:0],-FA 16:0(-H)-(H2O+NH3),612.5562,339.2894,10,1.4,380,25,1,1,[M+NH4]1+
DG,DG 16:0_18:1 [NL-18:1],-FA 18:1(-H)-(H2O+NH3),612.5562,313.2737,10,1.4,380,25,1,1,[M+NH4]1+
DG,DG 16:0_18:2 [NL-16:0],-FA 16:0(-H)-(H2O+NH3),610.5405,337.2737,9.45,1.4,380,25,1,1,[M+NH4]1+
DG,DG 16:0_18:2 [NL-18:2],-FA 18:2(-H)-(H2O+NH3),610.5405,313.2737,9.45,1.4,380,25,1,1,[M+NH4]1+
DG,DG 16:0_20:0 [NL-16:0],-FA 16:0(-H)-(H2O+NH3),642.6031,369.3363,11,1.4,380,25,1,1,[M+NH4]1+
DG,DG 16:0_20:0 [NL-20:0],-FA 20:0(-H)-(H2O+NH3),642.6031,313.2737,11,1.4,380,25,1,1,[M+NH4]1+
DG,"DG 16:0_20:3 [-H2O+NH3,35]","-(H2O+NH3,35)",636.5562,601.519,9.75,1.4,380,25,1,1,[M+NH4]1+
DG,DG 16:0_20:3 [NL-20:3],-FA 20:3(-H)-(H2O+NH3),636.5562,313.2737,9.75,1.4,380,25,1,1,[M+NH4]1+
DG,DG 16:0_20:4 [NL-20:4],-FA 20:4(-H)-(H2O+NH3),634.5405,313.2737,9.31,1.4,380,25,1,1,[M+NH4]1+
DG,DG 16:0_22:5 [NL-16:0],-FA 16:0(-H)-(H2O+NH3),660.5562,387.2894,9.85,1.4,380,25,1,1,[M+NH4]1+
DG,DG 16:0_22:5 [NL-22:5],-FA 22:5(-H)-(H2O+NH3),660.5562,313.2737,9.85,1.4,380,25,1,1,[M+NH4]1+
DG,DG 16:0_22:6 [NL-22:6],-FA 22:6(-H)-(H2O+NH3),658.5405,313.2737,9.01,1.4,380,25,1,1,[M+NH4]1+
DG,DG 16:1_16:1 [NL-16:1],-FA 16:1(-H)-(H2O+NH3),582.5092,311.2581,8.16,1.4,380,25,1,1,[M+NH4]1+
DG,DG 16:1_18:0 [NL-18:0],-FA 18:0(-H)-(H2O+NH3),612.5562,311.2581,10,1.4,380,25,1,1,[M+NH4]1+
DG,DG 16:1_18:1 [NL-16:1],-FA 16:1(-H)-(H2O+NH3),610.5405,339.2894,9.45,1.4,380,25,1,1,[M+NH4]1+
DG,DG 16:1_18:1 [NL-18:1],-FA 18:1(-H)-(H2O+NH3),610.5405,311.2581,9.45,1.4,380,25,1,1,[M+NH4]1+
DG,DG 18:0_18:0 [NL-18:0],-FA 18:0(-H)-(H2O+NH3),642.6031,341.305,11,1.4,380,25,1,1,[M+NH4]1+
DG,DG 18:0_18:1 [NL-18:0],-FA 18:0(-H)-(H2O+NH3),640.5875,339.2894,10.4,1.4,380,25,1,1,[M+NH4]1+
DG,DG 18:0_18:1 [NL-18:1],-FA 18:1(-H)-(H2O+NH3),640.5875,341.305,10.4,1.4,380,25,1,1,[M+NH4]1+
DG,DG 18:0_18:2 [NL-18:0],-FA 18:0(-H)-(H2O+NH3),638.5718,337.2737,10.26,1.4,380,25,1,1,[M+NH4]1+
DG,DG 18:0_18:2 [NL-18:2],-FA 18:2(-H)-(H2O+NH3),638.5718,341.305,10.26,1.4,380,25,1,1,[M+NH4]1+
DG,DG 18:0_20:4 [NL-18:0],-FA 18:0(-H)-(H2O+NH3),662.5718,361.2737,10.6,1.4,380,25,1,1,[M+NH4]1+
DG,DG 18:0_20:4 [NL-20:4],-FA 20:4(-H)-(H2O+NH3),662.5718,341.305,10.23,1.4,380,25,1,1,[M+NH4]1+
DG,"DG 18:1_18:1 [-H2O+NH3,35]","-(H2O+NH3,35)",638.5718,603.5347,10.26,1.4,380,25,1,1,[M+NH4]1+
DG,DG 18:1_18:1 [NL-18:1],-FA 18:1(-H)-(H2O+NH3),638.5718,339.2894,10.22,1.4,380,25,1,1,[M+NH4]1+
DG,DG 18:1_18:2 [NL-18:1],-FA 18:1(-H)-(H2O+NH3),636.5562,337.2737,10.26,1.4,380,25,1,1,[M+NH4]1+
DG,DG 18:1_18:2 [NL-18:2],-FA 18:2(-H)-(H2O+NH3),636.5562,339.2894,9.75,1.4,380,25,1,1,[M+NH4]1+
DG,DG 18:1_18:3 [NL-18:3],-FA 18:3(-H)-(H2O+NH3),634.5405,339.2894,8.95,1.4,380,25,1,1,[M+NH4]1+
DG,DG 18:1_20:0 [NL-18:1],-FA 18:1(-H)-(H2O+NH3),668.6188,369.3363,9.2,1.4,380,25,1,1,[M+NH4]1+
DG,DG 18:1_20:0 [NL-20:0],-FA 20:0(-H)-(H2O+NH3),668.6188,339.2894,9.2,1.4,380,25,1,1,[M+NH4]1+
DG,DG 18:1_20:3 [NL-18:1],-FA 18:1(-H)-(H2O+NH3),662.5718,363.2894,10.6,1.4,380,25,1,1,[M+NH4]1+
DG,DG 18:1_20:3 [NL-20:3],-FA 20:3(-H)-(H2O+NH3),662.5718,339.2894,10.18,1.4,380,25,1,1,[M+NH4]1+
DG,DG 18:1_20:4 [NL-18:1],-FA 18:1(-H)-(H2O+NH3),660.5562,361.2737,9.85,1.4,380,25,1,1,[M+NH4]1+
DG,DG 18:1_20:4 [NL-20:4],-FA 20:4(-H)-(H2O+NH3),660.5562,339.2894,9.6,1.4,380,25,1,1,[M+NH4]1+
DG,DG 18:2_18:2 [NL-18:2],-FA 18:2(-H)-(H2O+NH3),634.5405,337.2737,8.85,1.4,380,25,1,1,[M+NH4]1+
DG,DG 18:2_20:3 [NL-18:2],-FA 18:2(-H)-(H2O+NH3),660.5562,363.2894,9.85,1.4,380,25,1,1,[M+NH4]1+
DG,DG 18:2_20:3 [NL-20:3],-FA 20:3(-H)-(H2O+NH3),660.5562,337.2737,9.85,1.4,380,25,1,1,[M+NH4]1+
DG,DG 18:2_20:4 [NL-20:4],-FA 20:4(-H)-(H2O+NH3),658.5405,337.2737,8.65,1.4,380,25,1,1,[M+NH4]1+
Hex2Cer,Hex2Cer d18:1/16:0,LCB 18:1;2(-H3O2),862.625,264.2686,6.2,1.4,380,49,1,1,[M+H]1+
Hex2Cer,Hex2Cer d18:1/16:0,"-(H2O,18)",862.625,844.6145,6.2,1.4,380,49,1,1,[M+H]1+
Hex2Cer,Hex2Cer d18:1/16:0,LCB 18:1;2(-HO),862.625,282.2791,6.2,1.4,380,49,1,1,[M+H]1+
Hex2Cer,Hex2Cer d18:1/16:0,LCB 18:1;2(-CH3O2),862.625,252.2686,6.2,1.4,380,49,1,1,[M+H]1+
Hex2Cer,Hex2Cer d18:1/16:0,"-HG(Hex2,342)",862.625,520.5088,6.2,1.4,380,49,1,1,[M+H]1+
Hex2Cer,Hex2Cer d18:1/16:0,"-HG(Hex2,360)",862.625,502.4982,6.2,1.4,380,49,1,1,[M+H]1+
Hex2Cer,Hex2Cer d18:1/16:0,"-HG(Hex2,324)",862.625,538.5194,6.2,1.4,380,49,1,1,[M+H]1+
Hex2Cer,Hex2Cer d18:1/16:0-d3 (ISTD),"-(H2O,18)",865.6438,847.6333,6.2,1.4,380,49,1,1,[M+H]1+
Hex2Cer,Hex2Cer d18:1/16:0-d3 (ISTD),LCB 18:1;2(-HO),865.6438,282.2791,6.2,1.4,380,49,1,1,[M+H]1+
Hex2Cer,Hex2Cer d18:1/16:0-d3 (ISTD),LCB 18:1;2(-H3O2),865.6438,264.2686,6.2,1.4,380,49,1,1,[M+H]1+
Hex2Cer,Hex2Cer d18:1/16:0-d3 (ISTD),LCB 18:1;2(-CH3O2),865.6438,252.2686,6.2,1.4,380,49,1,1,[M+H]1+
Hex2Cer,Hex2Cer d18:1/16:0-d3 (ISTD),"-HG(Hex2,342)",865.6438,523.5276,6.2,1.4,380,49,1,1,[M+H]1+
Hex2Cer,Hex2Cer d18:1/16:0-d3 (ISTD),"-HG(Hex2,360)",865.6438,505.5171,6.2,1.4,380,49,1,1,[M+H]1+
Hex2Cer,Hex2Cer d18:1/16:0-d3 (ISTD),"-HG(Hex2,324)",865.6438,541.5382,6.2,1.4,380,49,1,1,[M+H]1+
Hex2Cer,Hex2Cer d18:1/18:0,LCB 18:1;2(-H3O2),890.6563,264.2686,7.3,1,380,49,1,1,[M+H]1+
Hex2Cer,Hex2Cer d18:1/20:0,LCB 18:1;2(-H3O2),918.6876,264.2686,8.05,1,380,49,1,1,[M+H]1+
Hex2Cer,Hex2Cer d18:1/22:0,LCB 18:1;2(-H3O2),946.7189,264.2686,9.3,1.4,380,49,1,1,[M+H]1+
Hex2Cer,Hex2Cer d18:1/22:0,"-(H2O,18)",946.7189,928.7084,9.3,1.4,380,49,1,1,[M+H]1+
Hex2Cer,Hex2Cer d18:1/22:0,LCB 18:1;2(-HO),946.7189,282.2791,9.3,1.4,380,49,1,1,[M+H]1+
Hex2Cer,Hex2Cer d18:1/22:0,LCB 18:1;2(-CH3O2),946.7189,252.2686,9.3,1.4,380,49,1,1,[M+H]1+
Hex2Cer,Hex2Cer d18:1/22:0,"-HG(Hex2,342)",946.7189,604.6027,9.3,1.4,380,49,1,1,[M+H]1+
Hex2Cer,Hex2Cer d18:1/22:0,"-HG(Hex2,360)",946.7189,586.5921,9.3,1.4,380,49,1,1,[M+H]1+
Hex2Cer,Hex2Cer d18:1/22:0,"-HG(Hex2,324)",946.7189,622.6133,9.3,1.4,380,49,1,1,[M+H]1+
Hex2Cer,Hex2Cer d18:1/24:0,LCB 18:1;2(-H3O2),974.7502,264.2686,10.2,1.2,380,49,1,1,[M+H]1+
Hex2Cer,Hex2Cer d18:1/24:1,LCB 18:1;2(-H3O2),972.7346,264.2686,9.65,1.4,380,49,1,1,[M+H]1+
Hex3Cer,Hex3Cer d18:1/16:0,LCB 18:1;2(-H3O2),1024.6778,264.2686,5.9,1.4,380,61,1,1,[M + H]+
Hex3Cer,Hex3Cer d18:1/16:0,"-(H2O,18)",1024.6778,1006.6673,5.9,1.4,380,61,1,1,[M + H]+
Hex3Cer,Hex3Cer d18:1/16:0,LCB 18:1;2(-HO),1024.6778,282.2791,5.9,1.4,380,61,1,1,[M + H]+
Hex3Cer,Hex3Cer d18:1/16:0,LCB 18:1;2(-CH3O2),1024.6778,252.2686,5.9,1.4,380,61,1,1,[M + H]+
Hex3Cer,Hex3Cer d18:1/16:0,"-HG(Hex3,504)",1024.6778,520.5088,5.9,1.4,380,61,1,1,[M + H]+
Hex3Cer,Hex3Cer d18:1/16:0,"-HG(Hex3,522)",1024.6778,502.4982,5.9,1.4,380,61,1,1,[M + H]+
Hex3Cer,Hex3Cer d18:1/16:0,"-HG(Hex3,534)",1024.6778,490.4982,5.9,1.4,380,61,1,1,[M + H]+
Hex3Cer,Hex3Cer d18:1/16:0,"-HG(Hex2,342)",1024.6778,682.5616,5.9,1.4,380,61,1,1,[M + H]+
Hex3Cer,Hex3Cer d18:1/16:0,"-HG(Hex,180)",1024.6778,844.6145,5.9,1.4,380,61,1,1,[M + H]+
Hex3Cer,Hex3Cer d18:1/18:0,LCB 18:1;2(-H3O2),1052.7091,264.2686,6.9,1.4,380,61,1,1,[M + H]+
Hex3Cer,Hex3Cer d18:1/18:0-d3 (ISTD),"-(H2O,18)",1055.728,1037.7174,6.9,1.4,380,61,1,1,[M+H]1+
Hex3Cer,Hex3Cer d18:1/18:0-d3 (ISTD),LCB 18:1;2(-HO),1055.728,282.2791,6.9,1.4,380,61,1,1,[M+H]1+
Hex3Cer,Hex3Cer d18:1/18:0-d3 (ISTD),LCB 18:1;2(-H3O2),1055.728,264.2686,6.9,1.4,380,61,1,1,[M+H]1+
Hex3Cer,Hex3Cer d18:1/18:0-d3 (ISTD),LCB 18:1;2(-CH3O2),1055.728,252.2686,6.9,1.4,380,61,1,1,[M+H]1+
Hex3Cer,Hex3Cer d18:1/18:0-d3 (ISTD),"-HG(Hex3,504)",1055.728,551.5589,6.9,1.4,380,61,1,1,[M+H]1+
Hex3Cer,Hex3Cer d18:1/18:0-d3 (ISTD),"-HG(Hex3,522)",1055.728,533.5484,6.9,1.4,380,61,1,1,[M+H]1+
Hex3Cer,Hex3Cer d18:1/18:0-d3 (ISTD),"-HG(Hex3,534)",1055.728,521.5484,6.9,1.4,380,61,1,1,[M+H]1+
Hex3Cer,Hex3Cer d18:1/18:0-d3 (ISTD),"-HG(Hex2,342)",1055.728,713.6118,6.9,1.4,380,61,1,1,[M+H]1+
Hex3Cer,Hex3Cer d18:1/18:0-d3 (ISTD),"-HG(Hex,180)",1055.728,875.6646,6.9,1.4,380,61,1,1,[M+H]1+
Hex3Cer,Hex3Cer d18:1/20:0,LCB 18:1;2(-H3O2),1080.7404,264.2686,7.9,1.4,380,61,1,1,[M + H]+
Hex3Cer,Hex3Cer d18:1/22:0,LCB 18:1;2(-H3O2),1108.7717,264.2686,9.1,1.4,380,61,1,1,[M + H]+
Hex3Cer,Hex3Cer d18:1/24:0,LCB 18:1;2(-H3O2),1136.803,264.2686,10.1,1.4,380,61,1,1,[M + H]+
Hex3Cer,Hex3Cer d18:1/24:1,LCB 18:1;2(-H3O2),1134.7874,264.2686,9.2,1.4,380,61,1,1,[M + H]+
Hex1Cer,HexCer d18:1/16:0,LCB 18:1;2(-H3O2),700.5722,264.2686,6.7,1,380,35,1,1,[M+H]1+
Hex1Cer,HexCer d18:1/16:0,"-(H2O,18)",700.5722,682.5616,6.7,1,380,35,1,1,[M+H]1+
Hex1Cer,HexCer d18:1/16:0,LCB 18:1;2(-HO),700.5722,282.2791,6.7,1,380,35,1,1,[M+H]1+
Hex1Cer,HexCer d18:1/16:0,LCB 18:1;2(-CH3O2),700.5722,252.2686,6.7,1,380,35,1,1,[M+H]1+
Hex1Cer,HexCer d18:1/16:0,"-HG(Hex,180)",700.5722,520.5088,6.7,1,380,35,1,1,[M+H]1+
Hex1Cer,HexCer d18:1/16:0,"-HG(Hex,198)",700.5722,502.4982,6.7,1,380,35,1,1,[M+H]1+
Hex1Cer,HexCer d18:1/16:0,"-HG(Hex,162)",700.5722,538.5194,6.7,1,380,35,1,1,[M+H]1+
Hex1Cer,HexCer d18:1/18:0,LCB 18:1;2(-H3O2),728.6035,264.2686,7.9,1,380,35,1,1,[M+H]1+
Hex1Cer,HexCer d18:1/20:0,LCB 18:1;2(-H3O2),756.6348,264.2686,9.2,1,380,35,1,1,[M+H]1+
Hex1Cer,HexCer d18:1/22:0,LCB 18:1;2(-H3O2),784.6661,264.2686,10.05,1,380,35,1,1,[M+H]1+
Hex1Cer,HexCer d18:1/22:0,"-(H2O,18)",784.6661,766.6555,10.05,1,380,35,1,1,[M+H]1+
Hex1Cer,HexCer d18:1/22:0,LCB 18:1;2(-HO),784.6661,282.2791,10.05,1,380,35,1,1,[M+H]1+
Hex1Cer,HexCer d18:1/22:0,LCB 18:1;2(-CH3O2),784.6661,252.2686,10.05,1,380,35,1,1,[M+H]1+
Hex1Cer,HexCer d18:1/22:0,"-HG(Hex,180)",784.6661,604.6027,10.05,1,380,35,1,1,[M+H]1+
Hex1Cer,HexCer d18:1/22:0,"-HG(Hex,198)",784.6661,586.5921,10.05,1,380,35,1,1,[M+H]1+
Hex1Cer,HexCer d18:1/22:0,"-HG(Hex,162)",784.6661,622.6133,10.05,1,380,35,1,1,[M+H]1+
Hex1Cer,HexCer d18:1/24:0,LCB 18:1;2(-H3O2),812.6974,264.2686,10.3,1,380,35,1,1,[M+H]1+
Hex1Cer,HexCer d18:1/24:1,LCB 18:1;2(-H3O2),810.6817,264.2686,10.05,1,380,35,1,1,[M+H]1+
HexCer,HexCer d18:1/8:0 (ISTD),"-(H2O,18)",588.447,570.4364,4.7,2,380,35,1,1,[M+H]1+
HexCer,HexCer d18:1/8:0 (ISTD),LCB 18:1;2(-HO),588.447,282.2791,4.7,2,380,35,1,1,[M+H]1+
HexCer,HexCer d18:1/8:0 (ISTD),LCB 18:1;2(-H3O2),588.447,264.2686,4.7,2,380,35,1,1,[M+H]1+
HexCer,HexCer d18:1/8:0 (ISTD),LCB 18:1;2(-CH3O2),588.447,252.2686,4.7,2,380,35,1,1,[M+H]1+
HexCer,HexCer d18:1/8:0 (ISTD),"-HG(Hex,180)",588.447,408.3836,4.7,2,380,35,1,1,[M+H]1+
HexCer,HexCer d18:1/8:0 (ISTD),"-HG(Hex,198)",588.447,390.373,4.7,2,380,35,1,1,[M+H]1+
HexCer,HexCer d18:1/8:0 (ISTD),"-HG(Hex,162)",588.447,426.3942,4.7,2,380,35,1,1,[M+H]1+
LPC,LPC 14:0,"HG(PC,184)",468.3085,184.0733,2.1,1,380,21,1,1,[M+H]1+
LPC,LPC 15:0,"HG(PC,184)",482.3241,184.0733,2.44,1,380,21,1,1,[M+H]1+
LPC,LPC 16:0,"HG(PC,184)",496.3398,184.0733,2.77,1,380,21,1,1,[M+H]1+
LPC,LPC 16:0,"(C5H13NO,104)",496.3398,104.107,2.77,1,380,21,1,1,[M+H]1+
LPC,LPC 16:1,"HG(PC,184)",494.3241,184.0733,2.26,1,380,21,1,1,[M+H]1+
LPC,LPC 17:0,"HG(PC,184)",510.3554,184.0733,3.01,1,380,21,1,1,[M+H]1+
LPC,LPC 17:1,"HG(PC,184)",508.3398,184.0733,2.59,1,380,21,1,1,[M+H]1+
LPC,LPC 18:0,"HG(PC,184)",524.3711,184.0733,3.33,1,380,21,1,1,[M+H]1+
LPC,LPC 18:1,"HG(PC,184)",522.3554,184.0733,2.91,1,380,21,1,1,[M+H]1+
LPC,LPC 18:1,"(C5H13NO,104)",522.3554,104.107,2.91,1,380,21,1,1,[M+H]1+
LPC,LPC 18:1-d7 (ISTD),"HG(PC,184)",529.3994,184.0733,2.91,1,380,21,1,1,[M+H]1+
LPC,LPC 18:1-d7 (ISTD),"(C5H13NO,104)",529.3994,104.107,2.91,1,380,21,1,1,[M+H]1+
LPC,LPC 18:2,"HG(PC,184)",520.3398,184.0733,2.47,1,380,21,1,1,[M+H]1+
LPC,LPC 18:3,"HG(PC,184)",518.3241,184.0733,2.08,1,380,21,1,1,[M+H]1+
LPC,LPC 20:0,"HG(PC,184)",552.4024,184.0733,3.85,1,380,21,1,1,[M+H]1+
LPC,LPC 20:1,"HG(PC,184)",550.3867,184.0733,3.42,1,380,21,1,1,[M+H]1+
LPC,LPC 20:2,"HG(PC,184)",548.3711,184.0733,3.07,1,380,21,1,1,[M+H]1+
LPC,LPC 20:3,"HG(PC,184)",546.3554,184.0733,2.7,1,380,21,1,1,[M+H]1+
LPC,LPC 20:4,"HG(PC,184)",544.3398,184.0733,2.44,1,380,21,1,1,[M+H]1+
LPC,LPC 20:5,"HG(PC,184)",542.3241,184.0733,2.05,1,380,21,1,1,[M+H]1+
LPC,LPC 22:0,"HG(PC,184)",580.4337,184.0733,4.41,1,380,21,1,1,[M+H]1+
LPC,LPC 22:1,"HG(PC,184)",578.418,184.0733,3.89,1,380,21,1,1,[M+H]1+
LPC,LPC 22:5,"HG(PC,184)",570.3554,184.0733,2.55,1,380,21,1,1,[M+H]1+
LPC,LPC 22:6,"HG(PC,184)",568.3398,184.0733,2.35,1,380,21,1,1,[M+H]1+
LPC,LPC 24:0,"HG(PC,184)",608.465,184.0733,5.13,1,380,21,1,1,[M+H]1+
LPC,LPC 26:0,"HG(PC,184)",636.4963,184.0733,6.11,1,380,21,1,1,[M+H]1+
LPC(O),LPC O-16:0,"(C5H13NO,104)",482.3605,104.107,3.07,2,380,23,1,1,[M+H]1+
LPC(O),LPC O-16:0,"HG(PC,184)",482.3605,184.0733,3.07,2,380,23,1,1,[M+H]1+
LPC(O),LPC O-18:0,"(C5H13NO,104)",510.3918,104.107,3.65,2,380,23,1,1,[M+H]1+
LPC(O),LPC O-18:1,"(C5H13NO,104)",508.3762,104.107,3.17,2,380,23,1,1,[M+H]1+
LPC(O),LPC O-20:0,"(C5H13NO,104)",538.4231,104.107,4.2,2,380,23,1,1,[M+H]1+
LPC(O),LPC O-20:1,"(C5H13NO,104)",536.4075,104.107,3.7,2,380,23,1,1,[M+H]1+
LPC(O),LPC O-22:0,"(C5H13NO,104)",566.4544,104.107,4.9,2,380,23,1,1,[M+H]1+
LPC(O),LPC O-22:0,"HG(PC,184)",566.4544,184.0733,4.9,2,380,23,1,1,[M+H]1+
LPC(O),LPC O-22:1,"(C5H13NO,104)",564.4388,104.107,4.15,2,380,23,1,1,[M+H]1+
LPC(O),LPC O-24:0,"(C5H13NO,104)",594.4857,104.107,5.77,1,380,23,1,1,[M+H]1+
LPC(O),LPC O-24:1,"(C5H13NO,104)",592.4701,104.107,4.9,2,380,23,1,1,[M+H]1+
LPC(O),LPC O-24:2,"(C5H13NO,104)",590.4544,104.107,4.38,2,380,23,1,1,[M+H]1+
LPE,LPE 16:0,"-HG(PE,141)",454.2928,313.2737,2.89,1,380,17,1,1,[M+H]1+
LPE,LPE 18:0,"-HG(PE,141)",482.3241,341.305,3.45,1,380,17,1,1,[M+H]1+
LPE,LPE 18:1,"-HG(PE,141)",480.3085,339.2894,3.04,1,380,17,1,1,[M+H]1+
LPE,LPE 18:1-d7 (ISTD),"-HG(PE,141)",487.3524,346.3333,3.04,1,380,17,1,1,[M+H]1+
LPE,LPE 18:2,"-HG(PE,141)",478.2928,337.2737,2.57,1,380,17,1,1,[M+H]1+
LPE,LPE 20:4,"-HG(PE,141)",502.2928,361.2737,2.53,1,380,17,1,1,[M+H]1+
LPE,LPE 22:6,"-HG(PE,141)",526.2928,385.2737,2.46,1,380,17,1,1,[M+H]1+
LPI,LPI 18:0,-LPI(277),618.3613,341.305,2.98,1,380,21,1,1,[M+NH4]1+
LPI,LPI 18:1,-LPI(277),616.3456,339.2894,2.48,1,380,21,1,1,[M+NH4]1+
LPI,LPI 18:2,-LPI(277),614.33,337.2737,2.06,1,380,21,1,1,[M+NH4]1+
LPI,LPI 20:4,-LPI(277),638.33,361.2737,2.02,1,380,21,1,1,[M+NH4]1+
PC,PC 28:0,"HG(PC,184)",678.5068,184.0733,5.35,1,380,25,1,1,[M+H]1+
PC,PC 29:0,"HG(PC,184)",692.5225,184.0733,5.75,1,380,25,1,1,[M+H]1+
PC,PC 30:0,"HG(PC,184)",706.5381,184.0733,6.25,1.2,380,25,1,1,[M+H]1+
PC,PC 31:0,"HG(PC,184)",720.5538,184.0733,6.58,1,380,25,1,1,[M+H]1+
PC,PC 31:1,"HG(PC,184)",718.5381,184.0733,5.95,1,380,25,1,1,[M+H]1+
PC,PC 32:0,"HG(PC,184)",734.5694,184.0733,7.25,1.2,380,25,1,1,[M+H]1+
PC,PC 32:1,"HG(PC,184)",732.5538,184.0733,6.43,1,380,25,1,1,[M+H]1+
PC,PC 32:2,"HG(PC,184)",730.5381,184.0733,5.75,1,380,25,1,1,[M+H]1+
PC,PC 32:3,"HG(PC,184)",728.5225,184.0733,5.05,1,380,25,1,1,[M+H]1+
PC,PC 33:0,"HG(PC,184)",748.5851,184.0733,7.65,1.2,380,25,1,1,[M+H]1+
PC,PC 33:1,"HG(PC,184)",746.5694,184.0733,6.93,1,380,25,1,1,[M+H]1+
PC,PC 33:1-d7 (ISTD),"HG(PC,184)",753.6134,184.0733,6.93,1,380,25,1,1,[M+H]1+
PC,PC 33:2,"HG(PC,184)",744.5538,184.0733,6.2,1,380,25,1,1,[M+H]1+
PC,PC 33:3,"HG(PC,184)",742.5381,184.0733,5.5,1,380,25,1,1,[M+H]1+
PC,PC 34:0,"HG(PC,184)",762.6007,184.0733,8.46,1.2,380,25,1,1,[M+H]1+
PC,PC 34:1,"HG(PC,184)",760.5851,184.0733,7.47,1,380,25,1,1,[M+H]1+
PC,PC 34:2,"HG(PC,184)",758.5694,184.0733,6.71,1,380,25,1,1,[M+H]1+
PC,PC 34:3,"HG(PC,184)",756.5538,184.0733,6.07,1.2,380,25,1,1,[M+H]1+
PC,PC 34:4,"HG(PC,184)",754.5381,184.0733,5.69,1,380,25,1,1,[M+H]1+
PC,PC 34:5,"HG(PC,184)",752.5225,184.0733,5.18,1,380,25,1,1,[M+H]1+
PC,PC 35:0,"HG(PC,184)",776.6164,184.0733,9.1,1.6,380,25,1,1,[M+H]1+
PC,PC 35:1,"HG(PC,184)",774.6007,184.0733,8.1,1.6,380,25,1,1,[M+H]1+
PC,PC 35:2,"HG(PC,184)",772.5851,184.0733,7.25,1.6,380,25,1,1,[M+H]1+
PC,PC 35:3,"HG(PC,184)",770.5694,184.0733,6.71,2,380,25,1,1,[M+H]1+
PC,PC 35:4,"HG(PC,184)",768.5538,184.0733,6.14,1,380,25,1,1,[M+H]1+
PC,PC 35:5,"HG(PC,184)",766.5381,184.0733,5.58,1,380,25,1,1,[M+H]1+
PC,PC 36:0,"HG(PC,184)",790.632,184.0733,9.7,1.6,380,25,1,1,[M+H]1+
PC,PC 36:1,"HG(PC,184)",788.6164,184.0733,8.65,1,380,25,1,1,[M+H]1+
PC,PC 36:2,"HG(PC,184)",786.6007,184.0733,7.82,1,380,25,1,1,[M+H]1+
PC,PC 36:3,"HG(PC,184)",784.5851,184.0733,7.05,1.6,380,25,1,1,[M+H]1+
PC,PC 36:4,"HG(PC,184)",782.5694,184.0733,6.63,1.6,380,25,1,1,[M+H]1+
PC,PC 36:5,"HG(PC,184)",780.5538,184.0733,6,1,380,25,1,1,[M+H]1+
PC,PC 36:6,"HG(PC,184)",778.5381,184.0733,5.53,1,380,25,1,1,[M+H]1+
PC,PC 37:4,"HG(PC,184)",796.5851,184.0733,6.99,1.2,380,25,1,1,[M+H]1+
PC,PC 37:5,"HG(PC,184)",794.5694,184.0733,6.3,1.2,380,25,1,1,[M+H]1+
PC,PC 37:6,"HG(PC,184)",792.5538,184.0733,5.95,1,380,25,1,1,[M+H]1+
PC,PC 38:2,"HG(PC,184)",814.632,184.0733,8.63,1.4,380,25,1,1,[M+H]1+
PC,PC 38:3,"HG(PC,184)",812.6164,184.0733,7.95,1.4,380,25,1,1,[M+H]1+
PC,PC 38:4,"HG(PC,184)",810.6007,184.0733,7.52,1.6,380,25,1,1,[M+H]1+
PC,PC 38:5,"HG(PC,184)",808.5851,184.0733,6.7,1.6,380,25,1,1,[M+H]1+
PC,PC 38:6,"HG(PC,184)",806.5694,184.0733,6.44,1.2,380,25,1,1,[M+H]1+
PC,PC 38:7,"HG(PC,184)",804.5538,184.0733,5.52,1,380,25,1,1,[M+H]1+
PC,PC 39:5,"HG(PC,184)",822.6007,184.0733,7.3,1.6,380,25,1,1,[M+H]1+
PC,PC 39:6,"HG(PC,184)",820.5851,184.0733,7,1,380,25,1,1,[M+H]1+
PC,PC 39:7,"HG(PC,184)",818.5694,184.0733,6.3,1,380,25,1,1,[M+H]1+
PC,PC 40:4,"HG(PC,184)",838.632,184.0733,8.59,1.2,380,25,1,1,[M+H]1+
PC,PC 40:5,"HG(PC,184)",836.6164,184.0733,7.82,1.2,380,25,1,1,[M+H]1+
PC,PC 40:6,"HG(PC,184)",834.6007,184.0733,7.5,1,380,25,1,1,[M+H]1+
PC,PC 40:7,"HG(PC,184)",832.5851,184.0733,6.58,1,380,25,1,1,[M+H]1+
PC,PC 40:8,"HG(PC,184)",830.5694,184.0733,5.93,1,380,25,1,1,[M+H]1+
PC(O),PC O-32:0,"HG(PC,184)",720.5538,184.0733,8,1,380,25,1,1,[M+H]1+
PC(O),PC O-32:1,"HG(PC,184)",718.5381,184.0733,6.7,1,380,25,1,1,[M+H]1+
PC(O),PC O-32:2,"HG(PC,184)",716.5589,184.0733,6.6,1,380,25,1,1,[M+H]1+
PC(O),PC O-34:1,"HG(PC,184)",746.5694,184.0733,8.2,1,380,25,1,1,[M+H]1+
PC(O),PC O-34:2,"HG(PC,184)",744.5538,184.0733,7.42,1,380,25,1,1,[M+H]1+
PC(O),PC O-34:3,"HG(PC,184)",742.5381,184.0733,6.7,1,380,25,1,1,[M+H]1+
PC(O),PC O-34:4,"HG(PC,184)",740.5589,184.0733,6.2,1,380,25,1,1,[M+H]1+
PC(O),PC O-36:0,"HG(PC,184)",776.6164,184.0733,10.1,1,380,25,1,1,[M+H]1+
PC(O),PC O-36:1,"HG(PC,184)",774.6007,184.0733,9.1,1,380,25,1,1,[M+H]1+
PC(O),PC O-36:2,"HG(PC,184)",772.5851,184.0733,8.63,1.2,380,25,1,1,[M+H]1+
PC(O),PC O-36:3,"HG(PC,184)",770.5694,184.0733,7.7,1.4,380,25,1,1,[M+H]1+
PC(O),PC O-36:4,"HG(PC,184)",768.5538,184.0733,7.3,1,380,25,1,1,[M+H]1+
PC(O),PC O-36:5,"HG(PC,184)",766.5745,184.0733,7.1,1,380,25,1,1,[M+H]1+
PC(O),PC O-38:4,"HG(PC,184)",796.5851,184.0733,8.35,1,380,25,1,1,[M+H]1+
PC(O),PC O-38:5,"HG(PC,184)",794.5694,184.0733,7.47,1,380,25,1,1,[M+H]1+
PC(O),PC O-40:5,"HG(PC,184)",822.6007,184.0733,8.6,1,380,25,1,1,[M+H]1+
PC(O),PC O-40:6,"HG(PC,184)",820.5851,184.0733,8.28,1,380,25,1,1,[M+H]1+
PC(O),PC O-40:7,"HG(PC,184)",818.5694,184.0733,7.25,1,380,25,1,1,[M+H]1+
PC(P),PC P-30:0,"HG(PC,184)",690.5432,184.0733,6.8,1,380,25,1,1,[M+H]1+
PC(P),PC P-32:0,"HG(PC,184)",718.5381,184.0733,7.8,1,380,25,1,1,[M+H]1+
PC(P),PC P-32:1,"HG(PC,184)",716.5589,184.0733,7,1,380,25,1,1,[M+H]1+
PC(P),PC P-34:1,"HG(PC,184)",744.5538,184.0733,7.4,1,380,25,1,1,[M+H]1+
PC(P),PC P-34:2,"HG(PC,184)",742.5381,184.0733,7.2,1,380,25,1,1,[M+H]1+
PC(P),PC P-34:3,"HG(PC,184)",740.5589,184.0733,6.65,1,380,25,1,1,[M+H]1+
PC(P),PC P-36:2,"HG(PC,184)",770.5694,184.0733,7.76,1.6,380,25,1,1,[M+H]1+
PC(P),PC P-36:4,"HG(PC,184)",766.5745,184.0733,7.15,1,380,25,1,1,[M+H]1+
PC(P),PC P-36:5,"HG(PC,184)",764.5589,184.0733,6.57,1,380,25,1,1,[M+H]1+
PC(P),PC P-38:4,"HG(PC,184)",794.5694,184.0733,8.3,1,380,25,1,1,[M+H]1+
PC(P),PC P-38:5,"HG(PC,184)",792.5538,184.0733,7.3,1.2,380,25,1,1,[M+H]1+
PC(P),PC P-38:6,"HG(PC,184)",790.632,184.0733,6.96,1,380,25,1,1,[M+H]1+
PC(P),PC P-40:6,"HG(PC,184)",818.5694,184.0733,8,1,380,25,1,1,[M+H]1+
PE,PE 32:0,"-HG(PE,141)",692.5225,551.5034,7.64,1,380,19,1,1,[M+H]1+
PE,PE 32:1,"-HG(PE,141)",690.5068,549.4877,6.8,1,380,19,1,1,[M+H]1+
PE,PE 33:1-d7 (ISTD),"-HG(PE,141)",711.5664,570.5473,6.2,1,380,19,1,1,[M+H]1+
PE,PE 34:1,"-HG(PE,141)",718.5381,577.519,7.84,1,380,19,1,1,[M+H]1+
PE,PE 34:2,"-HG(PE,141)",716.5225,575.5034,7.08,1,380,19,1,1,[M+H]1+
PE,PE 34:3,"-HG(PE,141)",714.5068,573.4877,6.46,1,380,19,1,1,[M+H]1+
PE,PE 35:1,"-HG(PE,141)",732.5538,591.5347,8.41,1,380,19,1,1,[M+H]1+
PE,PE 35:2,"-HG(PE,141)",730.5381,589.519,7.61,1,380,19,1,1,[M+H]1+
PE,PE 36:0,"-HG(PE,141)",748.5851,607.566,9.96,1,380,19,1,1,[M+H]1+
PE,PE 36:1,"-HG(PE,141)",746.5694,605.5503,9.02,1,380,19,1,1,[M+H]1+
PE,PE 36:2,"-HG(PE,141)",744.5538,603.5347,8.16,1,380,19,1,1,[M+H]1+
PE,PE 36:3,"-HG(PE,141)",742.5381,601.519,7.24,1,380,19,1,1,[M+H]1+
PE,PE 36:4,"-HG(PE,141)",740.5225,599.5034,7.02,1,380,19,1,1,[M+H]1+
PE,PE 36:5,"-HG(PE,141)",738.5068,597.4877,6.41,1,380,19,1,1,[M+H]1+
PE,PE 38:3,"-HG(PE,141)",770.5694,629.5503,8.52,1.2,380,19,1,1,[M+H]1+
PE,PE 38:4,"-HG(PE,141)",768.5538,627.5347,8.08,1,380,19,1,1,[M+H]1+
PE,PE 38:5,"-HG(PE,141)",766.5381,625.519,7.17,1,380,19,1,1,[M+H]1+
PE,PE 38:6,"-HG(PE,141)",764.5225,623.5034,6.8,1,380,19,1,1,[M+H]1+
PE,PE 40:4,"-HG(PE,141)",796.5851,655.566,8.92,1,380,19,1,1,[M+H]1+
PE,PE 40:5,"-HG(PE,141)",794.5694,653.5503,8.2,1.4,380,19,1,1,[M+H]1+
PE,PE 40:6,"-HG(PE,141)",792.5538,651.5347,7.85,1,380,19,1,1,[M+H]1+
PE,PE 40:7,"-HG(PE,141)",790.5381,649.519,6.97,1,380,19,1,1,[M+H]1+
PE(O),PE O-34:1,"-HG(PE,141)",704.5589,563.5398,8.61,1,380,19,1,1,[M+H]1+
PE(O),PE O-34:2,"-HG(PE,141)",702.5432,561.5241,7.82,1,380,19,1,1,[M+H]1+
PE(O),PE O-36:2,"-HG(PE,141)",730.5381,589.519,8.4,1,380,19,1,1,[M+H]1+
PE(O),PE O-36:3,"-HG(PE,141)",728.5589,587.5398,7.74,1,380,19,1,1,[M+H]1+
PE(O),PE O-36:5,"-HG(PE,141)",724.5276,583.5085,7.07,1,380,19,1,1,[M+H]1+
PE(O),PE O-36:6,"-HG(PE,141)",722.5119,581.4928,6.4,1,380,19,1,1,[M+H]1+
PE(O),PE O-38:4,"-HG(PE,141)",754.5745,613.5554,8.91,1.2,380,19,1,1,[M+H]1+
PE(O),PE O-38:5,"-HG(PE,141)",726.5432,585.5241,7.84,1.2,380,19,1,1,[M+H]1+
PE(O),PE O-38:5,"-HG(PE,141)",752.5589,611.5398,7.84,1.2,380,19,1,1,[M+H]1+
PE(O),PE O-40:5,"-HG(PE,141)",780.5902,639.5711,9,1,380,19,1,1,[M+H]1+
PE(O),PE O-40:6,"-HG(PE,141)",778.5745,637.5554,8.65,1,380,19,1,1,[M+H]1+
PE(O),PE O-40:7,"-HG(PE,141)",776.5589,635.5398,7.64,1,380,19,1,1,[M+H]1+
PE(P),PE P-16:0/18:1,FA 18:1+(C3H5O2),702.5432,339.2894,8.51,1,380,19,1,1,[M+H]1+
PE(P),PE P-16:0/18:2,FA 18:2+(C3H5O2),700.5276,337.2737,7.68,1,380,19,1,1,[M+H]1+
PE(P),PE P-16:0/20:4,FA 20:4+(C3H5O2),724.5276,361.2737,7.57,1,380,19,1,1,[M+H]1+
PE(P),PE P-16:0/22:5,FA 22:5+(C3H5O2),750.5432,387.2894,7.68,1.4,380,19,1,1,[M+H]1+
PE(P),PE P-16:0/22:6,FA 22:6+(C3H5O2),748.5276,385.2737,7.34,1,380,19,1,1,[M+H]1+
PE(P),PE P-18:0/18:1,FA 18:1+(C3H5O2),730.5745,339.2894,9.67,1,380,19,1,1,[M+H]1+
PE(P),PE P-18:0/18:2,FA 18:2+(C3H5O2),728.5589,337.2737,8.84,1,380,19,1,1,[M+H]1+
PE(P),PE P-18:0/20:4,FA 20:4+(C3H5O2),752.5589,361.2737,8.74,1,380,19,1,1,[M+H]1+
PE(P),PE P-18:0/20:4,-FA 18:1(-H),752.5589,502.2928,8.74,1,380,19,1,1,[M+H]1+
PE(P),PE P-18:0/20:4,-FA 20:4+(C3H5O2),752.5589,392.2924,8.74,1,380,19,1,1,[M+H]1+
PE(P),PE P-18:0/20:4,"-HG(PE,141)",752.5589,611.5398,8.74,1,380,19,1,1,[M+H]1+
PE(P),PE P-18:0/22:5,FA 22:5+(C3H5O2),778.5745,387.2894,8.82,1.4,380,19,1,1,[M+H]1+
PE(P),PE P-18:0/22:6,FA 22:6+(C3H5O2),776.5589,385.2737,8.47,1,380,19,1,1,[M+H]1+
PE(P),PE P-20:0/20:4,FA 20:4+(C3H5O2),780.5902,361.2737,9.94,1,380,19,1,1,[M+H]1+
PE(P),PE P-20:0/20:4,-FA 20:1(-H),780.5902,502.2928,9.94,1,380,19,1,1,[M+H]1+
PE(P),PE P-20:0/20:4,-FA 20:4+(C3H5O2),780.5902,420.3237,9.94,1,380,19,1,1,[M+H]1+
PE(P),PE P-20:0/20:4,"-HG(PE,141)",780.5902,639.5711,9.94,1,380,19,1,1,[M+H]1+
PG,PG 33:1-d7 (ISTD),"-HG(PG,172)",759.5875,570.5473,5,1,380,17,1,1,[M+NH4]1+
PG,PG 34:1,-PG(189),766.5593,577.519,6.55,1,380,17,1,1,[M+NH4]1+
PG,PG 36:1,-PG(189),794.5906,605.5503,7.6,1,380,17,1,1,[M+NH4]1+
PG,PG 36:2,-PG(189),792.5749,603.5347,6.88,1,380,17,1,1,[M+NH4]1+
PI,PI 32:0,"-HG(PI,260)",828.5597,551.5034,6.1,1.4,380,17,1,1,[M+NH4]1+
PI,PI 32:1,"-HG(PI,260)",826.544,549.4877,5.5,1,380,17,1,1,[M+NH4]1+
PI,PI 33:1-d7 (ISTD),"-HG(PI,260)",847.6036,570.5473,6,1,380,17,1,1,[M+NH4]1+
PI,PI 34:0,"-HG(PI,260)",856.591,579.5347,7,1.4,380,17,1,1,[M+NH4]1+
PI,PI 34:1,"-HG(PI,260)",854.5753,577.519,6.28,1,380,17,1,1,[M+NH4]1+
PI,PI 36:1,"-HG(PI,260)",882.6066,605.5503,7.28,1,380,17,1,1,[M+NH4]1+
PI,PI 36:2,"-HG(PI,260)",880.591,603.5347,6.57,1,380,17,1,1,[M+NH4]1+
PI,PI 36:3,"-HG(PI,260)",878.5753,601.519,5.9,1.4,380,17,1,1,[M+NH4]1+
PI,PI 36:4,"-HG(PI,260)",876.5597,599.5034,5.62,1,380,17,1,1,[M+NH4]1+
PI,PI 38:2,"-HG(PI,260)",908.6223,631.566,7.45,1,380,17,1,1,[M+NH4]1+
PI,PI 38:3,"-HG(PI,260)",906.6066,629.5503,6.88,1,380,17,1,1,[M+NH4]1+
PI,PI 38:4,"-HG(PI,260)",904.591,627.5347,6.56,1,380,17,1,1,[M+NH4]1+
PI,PI 38:5,"-HG(PI,260)",902.5753,625.519,5.75,1,380,17,1,1,[M+NH4]1+
PI,PI 38:6,"-HG(PI,260)",900.5597,623.5034,5.46,1,380,17,1,1,[M+NH4]1+
PI,PI 40:4,"-HG(PI,260)",932.6223,655.566,7,1.2,380,17,1,1,[M+NH4]1+
PI,PI 40:5,"-HG(PI,260)",930.6066,653.5503,6.58,1,380,17,1,1,[M+NH4]1+
PI,PI 40:6,"-HG(PI,260)",928.591,651.5347,6.33,1,380,17,1,1,[M+NH4]1+
PS,PS 33:1-d7 (ISTD),"-HG(PS,185)",755.5562,570.5473,6,2,380,23,1,1,[M+H]1+
PS,PS 36:1,"-HG(PS,185)",790.5593,605.5503,7.45,1,380,23,1,1,[M+H]1+
PS,PS 36:2,"-HG(PS,185)",788.5436,603.5347,6.75,1,380,23,1,1,[M+H]1+
PS,PS 38:3,"-HG(PS,185)",786.528,601.519,6.78,1,380,23,1,1,[M+H]1+
PS,PS 38:4,"-HG(PS,185)",784.5123,599.5034,6.64,1,380,23,1,1,[M+H]1+
PS,PS 38:5,"-HG(PS,185)",782.4967,597.4877,5.72,1,380,23,1,1,[M+H]1+
PS,PS 40:5,"-HG(PS,185)",838.5593,653.5503,6.75,1,380,23,1,1,[M+H]1+
PS,PS 40:6,"-HG(PS,185)",836.5436,651.5347,6.45,1,380,23,1,1,[M+H]1+
SM,SM 30:1 (ISTD),"HG(PC,184)",647.5123,184.0733,4.2,1,380,29,1,1,[M+H]1+
SM,SM 30:1 (ISTD),LCB 18:1;2(-H3O2),647.5123,264.2686,4.2,1,380,29,1,1,[M+H]1+
SM,SM 31:1,"HG(PC,184)",661.5279,184.0733,4.9,1,380,29,1,1,[M+H]1+
SM,SM 32:0,"HG(PC,184)",677.5592,184.0733,5.55,1,380,29,1,1,[M+H]1+
SM,SM 32:1,"HG(PC,184)",675.5436,184.0733,5.26,1,380,29,1,1,[M+H]1+
SM,SM 32:2,"HG(PC,184)",673.5279,184.0733,4.72,1,380,29,1,1,[M+H]1+
SM,SM 33:1,"HG(PC,184)",689.5592,184.0733,5.65,1,380,29,1,1,[M+H]1+
SM,SM 34:0,"HG(PC,184)",705.5905,184.0733,6.44,1,380,29,1,1,[M+H]1+
SM,SM 34:1,"HG(PC,184)",703.5749,184.0733,6.2,1,380,29,1,1,[M+H]1+
SM,SM 34:1,LCB 18:0;2(-H3O2),703.5749,266.2842,6.2,1,380,29,1,1,[M+H]1+
SM,SM 34:1,LCB 18:1;2(-H3O2),703.5749,264.2686,6.2,1,380,29,1,1,[M+H]1+
SM,SM 34:2,"HG(PC,184)",701.5592,184.0733,5.42,1,380,29,1,1,[M+H]1+
SM,SM 34:3,"HG(PC,184)",699.5436,184.0733,4.93,1,380,29,1,1,[M+H]1+
SM,SM 35:1,"HG(PC,184)",717.5905,184.0733,6.7,1.2,380,29,1,1,[M+H]1+
SM,SM 35:2,"HG(PC,184)",715.5749,184.0733,6,1.2,380,29,1,1,[M+H]1+
SM,SM 36:1,"HG(PC,184)",731.6062,184.0733,7.3,1,380,29,1,1,[M+H]1+
SM,SM 36:1,LCB 18:0;2(-H3O2),731.6062,266.2842,7.3,1,380,29,1,1,[M+H]1+
SM,SM 36:1,LCB 18:1;2(-H3O2),731.6062,264.2686,7.3,1,380,29,1,1,[M+H]1+
SM,SM 36:2,"HG(PC,184)",729.5905,184.0733,6.42,1,380,29,1,1,[M+H]1+
SM,SM 36:2-d9 (ISTD),"HG(PC,184)",738.647,184.0733,6.42,1,380,29,1,1,[M+H]1+
SM,SM 36:2-d9 (ISTD),LCB 18:1;2(-H3O2),738.647,264.2686,6.42,1,380,29,1,1,[M+H]1+
SM,SM 36:3,"HG(PC,184)",727.5749,184.0733,5.8,1.6,380,29,1,1,[M+H]1+
SM,SM 37:2,"HG(PC,184)",743.6062,184.0733,7,1,380,29,1,1,[M+H]1+
SM,SM 38:1,"HG(PC,184)",759.6375,184.0733,8.45,1.2,380,29,1,1,[M+H]1+
SM,SM 38:2,"HG(PC,184)",757.6218,184.0733,7.5,1,380,29,1,1,[M+H]1+
SM,SM 39:1,"HG(PC,184)",773.6531,184.0733,9.2,1,380,29,1,1,[M+H]1+
SM,SM 41:1,"HG(PC,184)",801.6844,184.0733,10.01,1,380,29,1,1,[M+H]1+
SM,SM 41:2,"HG(PC,184)",799.6688,184.0733,9.07,1.4,380,29,1,1,[M+H]1+
SM,SM 42:1,"HG(PC,184)",815.7001,184.0733,10.18,1,380,29,1,1,[M+H]1+
SM,SM 42:1,LCB 20:0;2(-H3O2),815.7001,294.3155,10.18,1,380,29,1,1,[M+H]1+
TG,TG 48:0 [16:0],FA 16:0,824.7702,239.2369,11.41,1,380,25,1,1,[M+NH4]1+
TG,TG 48:0 [NL-16:0],-FA 16:0(+HO)-(NH3),824.7702,551.5034,11.41,1,380,25,1,1,[M+NH4]1+
TG,TG 48:1 [NL-18:1],-FA 18:1(+HO)-(NH3),822.7545,523.4721,11.23,1,380,25,1,1,[M+NH4]1+
TAG,TG 48:1-d7 [15:0],FA 15:0,829.7985,225.2213,11.23,1,380,25,1,1,[M+NH4]1+
TAG,TG 48:1-d7 [18:1],FA 18:1,829.7985,272.2965,11.23,1,380,25,1,1,[M+NH4]1+
TAG,TG 48:1-d7 [NL-15:0],-FA 15:0(+HO)-(NH3),829.7985,570.5473,11.23,1,380,25,1,1,[M+NH4]1+
TAG,TG 48:1-d7 [NL-18:1],-FA 18:1(+HO)-(NH3),829.7985,523.4721,11.23,1,380,25,1,1,[M+NH4]1+
TG,TG 48:2 [14:0],FA 14:0,820.7389,211.2056,11.06,1,380,25,1,1,[M+NH4]1+
TG,TG 48:2 [14:1],FA 14:1,820.7389,209.19,11.06,1,380,25,1,1,[M+NH4]1+
TG,TG 48:2 [16:0],FA 16:0,820.7389,239.2369,11.06,1,380,25,1,1,[M+NH4]1+
TG,TG 48:2 [16:1],FA 16:1,820.7389,237.2213,11.06,1,380,25,1,1,[M+NH4]1+
TG,TG 48:2 [18:0],FA 18:0,820.7389,267.2682,11.06,1,380,25,1,1,[M+NH4]1+
TG,TG 48:2 [18:1],FA 18:1,820.7389,265.2526,11.06,1,380,25,1,1,[M+NH4]1+
TG,TG 48:2 [18:2],FA 18:2,820.7389,263.2369,11.06,1,380,25,1,1,[M+NH4]1+
TG,TG 48:2 [NL-14:0],-FA 14:0(+HO)-(NH3),820.7389,575.5034,11.06,1,380,25,1,1,[M+NH4]1+
TG,TG 48:2 [NL-14:1],-FA 14:1(+HO)-(NH3),820.7389,577.519,11.06,1,380,25,1,1,[M+NH4]1+
TG,TG 48:2 [NL-16:0],-FA 16:0(+HO)-(NH3),820.7389,547.4721,11.06,1,380,25,1,1,[M+NH4]1+
TG,TG 48:2 [NL-16:1],-FA 16:1(+HO)-(NH3),820.7389,549.4877,11.06,1,380,25,1,1,[M+NH4]1+
TG,TG 48:2 [NL-18:0],-FA 18:0(+HO)-(NH3),820.7389,519.4408,11.06,1,380,25,1,1,[M+NH4]1+
TG,TG 48:2 [NL-18:1],-FA 18:1(+HO)-(NH3),820.7389,521.4564,11.06,1,380,25,1,1,[M+NH4]1+
TG,TG 48:2 [NL-18:2],-FA 18:2(+HO)-(NH3),820.7389,523.4721,11.06,1,380,25,1,1,[M+NH4]1+
TG,TG 48:3 [NL-14:0],-FA 14:0(+HO)-(NH3),818.7232,573.4877,10.92,1,380,25,1,1,[M+NH4]1+
TG,TG 48:3 [NL-16:1],-FA 16:1(+HO)-(NH3),818.7232,547.4721,10.92,1,380,25,1,1,[M+NH4]1+
TG,TG 48:3 [NL-18:2],-FA 18:2(+HO)-(NH3),818.7232,521.4564,10.92,1,380,25,1,1,[M+NH4]1+
TG,TG 49:1 [NL-15:0],-FA 15:0(+HO)-(NH3),836.7702,577.519,11.33,1,380,25,1,1,[M+NH4]1+
TG,TG 49:1 [NL-16:0],-FA 16:0(+HO)-(NH3),836.7702,563.5034,11.33,1,380,25,1,1,[M+NH4]1+
TG,TG 49:1 [NL-18:1],-FA 18:1(+HO)-(NH3),836.7702,537.4877,11.33,1,380,25,1,1,[M+NH4]1+
TG,TG 50:0 [NL-18:0],-FA 18:0(+HO)-(NH3),852.8015,551.5034,11.65,1,380,25,1,1,[M+NH4]1+
TG,TG 50:1 [NL-14:0],-FA 14:0(+HO)-(NH3),850.7858,605.5503,11.43,1,380,25,1,1,[M+NH4]1+
TG,TG 50:1 [NL-16:0],-FA 16:0(+HO)-(NH3),850.7858,577.519,11.42,1,380,25,1,1,[M+NH4]1+
TG,TG 50:1 [NL-18:1],-FA 18:1(+HO)-(NH3),850.7858,551.5034,11.43,1,380,25,1,1,[M+NH4]1+
TG,TG 50:2 [NL-18:0],-FA 18:0(+HO)-(NH3),848.7702,547.4721,11.25,1,380,25,1,1,[M+NH4]1+
TG,TG 50:2 [NL-18:1],-FA 18:1(+HO)-(NH3),848.7702,549.4877,11.25,1,380,25,1,1,[M+NH4]1+
TG,TG 50:3 [NL-14:1],-FA 14:1(+HO)-(NH3),846.7545,603.5347,11.09,1,380,25,1,1,[M+NH4]1+
TG,TG 50:3 [NL-16:1],-FA 16:1(+HO)-(NH3),846.7545,575.5034,11.09,1,380,25,1,1,[M+NH4]1+
TG,TG 50:3 [NL-18:1],-FA 18:1(+HO)-(NH3),846.7545,547.4721,11.09,1,380,25,1,1,[M+NH4]1+
TG,TG 50:4 [NL-14:0],-FA 14:0(+HO)-(NH3),844.7389,599.5034,10.94,1,380,25,1,1,[M+NH4]1+
TG,TG 51:0 [NL-16:0],-FA 16:0(+HO)-(NH3),866.8171,593.5503,11.75,1,380,25,1,1,[M+NH4]1+
TG,TG 51:1 [NL-18:1],-FA 18:1(+HO)-(NH3),864.8015,565.519,11.55,1,380,25,1,1,[M+NH4]1+
TG,TG 51:2 [NL-15:0],-FA 15:0(+HO)-(NH3),862.7858,603.5347,11.35,1,380,25,1,1,[M+NH4]1+
TG,TG 51:2 [NL-16:0],-FA 16:0(+HO)-(NH3),862.7858,589.519,11.35,1,380,25,1,1,[M+NH4]1+
TG,TG 51:2 [NL-18:1],-FA 18:1(+HO)-(NH3),862.7858,563.5034,11.35,1,380,25,1,1,[M+NH4]1+
TG,TG 52:1 [NL-18:0],-FA 18:0(+HO)-(NH3),878.8171,577.519,11.67,1,380,25,1,1,[M+NH4]1+
TG,TG 52:2 [NL-16:0],-FA 16:0(+HO)-(NH3),876.8015,603.5347,11.46,1,380,25,1,1,[M+NH4]1+
TG,TG 52:3 [NL-16:1],-FA 16:1(+HO)-(NH3),874.7858,603.5347,11.27,1,380,25,1,1,[M+NH4]1+
TG,TG 52:3 [NL-18:2],-FA 18:2(+HO)-(NH3),874.7858,577.519,11.29,1,380,25,1,1,[M+NH4]1+
TG,TG 52:4 [NL-16:0],-FA 16:0(+HO)-(NH3),872.7702,599.5034,11.12,1,380,25,1,1,[M+NH4]1+
TG,TG 52:4 [NL-18:1],-FA 18:1(+HO)-(NH3),872.7702,573.4877,11.12,1,380,25,1,1,[M+NH4]1+
TG,TG 52:4 [NL-18:2],-FA 18:2(+HO)-(NH3),872.7702,575.5034,11.12,1,380,25,1,1,[M+NH4]1+
TG,TG 53:2 [NL-17:0],-FA 17:0(+HO)-(NH3),890.8171,603.5347,11.66,1,380,25,1,1,[M+NH4]1+
TG,TG 54:0 [NL-18:0],-FA 18:0(+HO)-(NH3),908.8641,607.566,11.89,1,380,25,1,1,[M+NH4]1+
TG,TG 54:1 [NL-18:1],-FA 18:1(+HO)-(NH3),906.8484,607.566,11.68,1,380,25,1,1,[M+NH4]1+
TG,TG 54:2 [NL-18:0],-FA 18:0(+HO)-(NH3),904.8328,603.5347,11.67,1,380,25,1,1,[M+NH4]1+
TG,TG 54:3 [NL-18:1],-FA 18:1(+HO)-(NH3),902.8171,603.5347,11.49,1,380,25,1,1,[M+NH4]1+
TG,TG 54:4 [NL-18:0],-FA 18:0(+HO)-(NH3),900.8015,599.5034,11.31,1,380,25,1,1,[M+NH4]1+
TG,TG 54:4 [NL-18:2],-FA 18:2(+HO)-(NH3),900.8015,603.5347,11.31,1,380,25,1,1,[M+NH4]1+
TG,TG 54:5 [NL-18:1],-FA 18:1(+HO)-(NH3),898.7858,599.5034,11.11,1,380,25,1,1,[M+NH4]1+
TG,TG 54:6 [NL-18:2],-FA 18:2(+HO)-(NH3),896.7702,599.5034,11.31,1,380,25,1,1,[M+NH4]1+
TG,TG 56:6 [NL-20:4],-FA 20:4(+HO)-(NH3),924.8015,603.5347,11.24,1,380,25,1,1,[M+NH4]1+
TG,TG 56:8 [NL-20:4],-FA 20:4(+HO)-(NH3),920.7702,599.5034,10.95,1,380,25,1,1,[M+NH4]1+
TG,TG 58:8 [NL-22:6],-FA 22:6(+HO)-(NH3),948.8015,603.5347,11.19,1,380,25,1,1,[M+NH4]1+
